text,score
অই চুদানি মারানি খানকি বেসশা মাগি জন্মের ঠিক নাই তুর তুর ছবি দেখিলেই রাগ ধরে শরিলে মাগি তুই যেদিন মরবি অইদিন অনেক ভালা লাগবে আমার চুদানি মইরাত জাইবি রক্টু নামাজ টামাজ পর শালি তুর ত জাহান্নামেও জায়গা হইবো না টুনটুনি ভালা হইয়া জা ভালা হইতে টাকা লাগেনা রে শালি তুরে এত লুকে চুদেসে তাও তুর সরম নাই কেন আজামের বাচ্চা আজাম,1
অই মাদারচুদ কুত্তার ছাও ভেটকির পোলা ইত্যাদি আর ভালবাসা দেখাইতে পারলাম না এটাই আমার ভালবাসার ব্যক্ত করার নমুনা তোর প্রতি খারাপ থেকো মঠেল আরিফ,1
অই হালার পুত,1
অকা ব্রো,2
অনেক,2
অনেক দিন দইরা ভাবতাছি হোগার বাল গুলা পালামু কিন্তু টাইম আইজ্জা থেংস রে ভাই তোর হোগা মারা খোমা দেখার পর সব গুলা বাল অটোমেটিক পইরা,1
অনেক প্রিয় একটা জায়গা আর আরো ভালো লাগে অস্তগামী সূর্যকে সাথে নিয়ে সমতট ধরে হাটতে,2
অনেক শুভ,2
অন্নেক বড় অনেক অনেক বড় বিশাল বড় আপনার চোখ,1
অপার বাংলা র মানুশের লিংগ অনেক মোটা তোর ভোদা পাটিয়ে পেলবে,1
অভিমানী তৌসিফ,2
অভ্যাস তাই,2
অরে কি সেক্সি,2
অরে কি সেক্সি,2
অর্পিতা দেবী দেখেন আর হিংসে করেন,2
অলরেডি একটা রক্তাক্ত ছবি ভাইরাল অনেকগুলো ছাত্রের স্বিকারোক্তি বেশ কয়েকটা মেয়ের আলাদা আলাদা লাইভ ভয়ে এক বাসায় এবং একটা অফিসে অনেকগুলো মেয়েদের আশ্রয় নেয়া মেয়েদের বাঁচাতে ছেলেদের প্রোটেক্ট লাইন মোহাম্মদপুর হাসপাতালে চিকিৎসা নেয়া অনেকগুলো ছাত্র চোখ উপড়ে ফেলা একটা ছেলে বন্দুক হাতে লীগের হেলমেট পড়া সন্ত্রাসীরা সব সত্য এবং যাচাই করা রেপ এবং হত্যার নিউজটা বিশ্বাস করতে চাই না এমনটা হলে বুকটা ভেঙ্গে যাবে সত্যি বলছি হয়ত কিছুই করতে পারবো না কিন্তু কষ্ট জমে বিদ্রোহী হবে মনে রাইখেন সত্যিই উচিত হয়নি দেশের ভবিষ্যত অন্ধকার পাক হানাদার বাহিনীর সাথে তুলনা করছি,2
অসাধরন চাই আপনার পাশে থাকতে চাই,2
অসাধরন দশা,2
অসাধরন শরিল পরা অনেক ভালো,2
অসাধারণ একটা জোস জিনিস নস্টালজিক করে দিলেন আপু,2
অসাধারণ একটি মুহূর্ত শেষটা চমৎকার ছিল,2
অসাধারন,2
অস্থির লাগছে,0
আই লাব ইউ,2
আইডি তে ঘুরে এলাম দেরি হল নাহ ভাই চরিত্রহীনা উপ্পসস হীন নট হীনা,1
আগুন,2
আগে তোর ছবি দেখলে রেগুলার কমেন্টে গালি দিতাম কিন্তু আমি বিয়ের পর আর তোকে গালি দেয় না কারণ আমার শশুর বাড়ির আত্মীয় গুলান আমার সাথে ফেইসবুক এ এড্ড্ আছে তোরে গালি দিলে তারা দেখে ফেলবে তাই আর গালি দিতে পারিনা কিন্তু মনে মনে,1
আগের মত খাড়ায় না এখন ভ্লা হয়ে গেলে কেমনে হইবো কওন দেখি,1
আচুদা চেয়ে বড় কিছু থাকলে তুই সেটা মাদারি তোর জন্য সরম গন্ডার আর তোর চামড়ার প্রতিযোগিতা হইলে তুই জিতবি,1
আচ্ছা আজকে কি তাবিজ্জা একটু বেশি ঠাপ মেরেছে ইসসস জনি তোরে পাইললে খুশি হয়া শালা শ্রমিক,1
আচ্ছা আপনি কি পুরো পুরুষ জাতিকে আপনার গোলাম বানাতে এই দুধের জন্য একদিন বাংলাদেশে হামলা করবে পশ্চিমা বিশ্ব,1
আজকা বৃষ্টিতে ভিজ্জা ঠাণ্ডা লাইগা নাক দিয়া খালি মলম বাইর হইতাছে তুমার হুগা মারা ছবিগুলান দেইখা ইচ্ছা করতাছে এক এক ফোটা মলম তোমারা পাছায় লাগাইয়া তাবিজ্জারে খবর দিতে যাতে রড় আমদানি রপ্তানিতে কোনরকম অসুবিধা না হয় হালারপোয়ালা,1
আজকে আমার কিছু বলতে পারছি না দাতেদাত চেপে সহ্য,1
আজকে আমি জানলাম এই কাঁচাগোল্লার ইতিহাস কিন্তু আপনার লেখার অপেক্ষায় ও থাকলাম আপু,2
আজকে তরে একটু মানুষ ব্রাপ্যান্টি কি তাবিজের কাছে জমা দিয়া,1
আজকে তুর হোগা মারা শেষ,1
আজব জিনিস,1
আপনাকি ফকির নাকি যে বিকাশ করলে নেকি পাওয়া যাইবো,1
আপনাকে দেখলে যৌবন ঠিক রাখতে পারি না আশা করি এরকম পিক আর দিবেন না এরকম পিক দেন আর হাতের কাম সারা,1
আপনার ডেন্টাল চেম্বারটা আপানার ট্রিটমেন্ট খুব দরকার,2
আপনার পিক দেখার পর সপ্তাহ আর ভালো যায় না খালি ডায়রিয়া হয়,1
আপনার বডি গাড রাখবেন আমাকে,2
আপনার মিষ্টি পায়ের সুন্দর জুতা জোড়া চেটে চেটে ক্লিন করে দেই,1
আপান তিল টা কই,1
আপি জেটাভোলেছ সেটা কি ঠিক জদি ঠিক হয তাহোলে আপনা সামি টা হোবে কুতা আর আপ নি যোবে কুতার বুউ,1
আপু আপনার প্রোফাইলে দিনে বার আসা যাওয়া করি নতুন ছবির আশায় প্রতিনিয়ত দেখছি ছোট থেকে ছোটই হচ্ছে নইতুবা ঝুলছে না জানি আবার কখন বড় হয়ে পাকবে,1
আপু আমার কাছে ফুল আছে খাবেন,1
আপু এটা আসতে চাই,2
আপু কার অপেক্ষা আমার জন্য নাকি,1
আপু ফাক দিয়ে এটা কি দেখা জাই,1
আপু ফুল নিবার এত তাও আবার এই ভাবে এই যে অপমান এইটাই আপনার ফুল,1
আপু মাত্র মুভি কইরা একটা গারি কিনলেন কেম্নে মনে হয় আজিজ ভাই দিছে,1
আপ্পি,2
আফতাব নগর লেক নামে একটা জায়গা আছে আমি কখনো যাইনি তবে শুনেছি জায়গাটা সুন্দর গিয়ে ঘুরে আসতে,2
আফনি ফতমে গুলাস্তিন যাবেন বায়ে মুড় দিবেন সমনে হাটতে তাকবেণ একটা চার কুনা চততর ফাবেন ডানে দখিনের লাস্তা দিয়ে সুজা হাটা সুরু করপেন আবার বামে মুড় দিবেন আবার সুজা গিয়ে উততরে হাটতে থাকভেন হাটতে হাটত যখন বুঝতে ফারবেন শারা সরীর শহ পাছা গামছে তখনি বুঝবেন আফনি নিখ্যালি আসেন আরেকু চামনে গেলেই মেনসেটার সিটি দেখতে ফাবেন ঐ খানে একটা তালা বিল্ডিং দেখতে ফাবেন তালায় একটা পানের দোকান আছে সেখানে দেখবেন হাকিমপুরী জর্দা দিয়া আবেগ বিক্রি করতেছে এক বুইড়া একটু আবেগ কিনে দেন না,1
আফা আম্নের শিতলাগেনা শিত না লাগার রহস্য টা বলবেন প্লিস জম্বের শিত লাগতেয়াসে,2
আফি নাচছ,1
আবার কে খেয়ে,1
আমরা অন্য কি করছে না করছে সেটা ভেবেই জীবনের অর্ধেক সময় পার করে ফেলি,2
আমরা আছি তোমার পাশে চিন্তা নাই সামনে আরো কিছুর অপেক্ষাই রইলাম,2
আমরা আপনাকে ভালোবাসি কারণ আপনি আমাদের মুক্তিযুদ্ধের প্রথম শিক্ষক ভালোবাসি কারণ আপনি আমাদের শিখিয়েছেন মুক্তিযুদ্ধ নিয়ে কোন আপোষ হয় না কোন দলবাজি হয় না শিখিয়েছেন হয় তুমি মুক্তিযুদ্ধের পক্ষে বা বিপক্ষে মাঝখানে কিছ নেই শিখিয়েছেন স্বদেশপ্রেম সবার আগে তারপর দুনিয়া আপনাকে স্যার আমার মতো আপনার লাখো দোয়া থাকতে আপনার কিছুই হবে না,2
আমরা আপনাকে ভালোবাসি কারণ আপনি আমাদের মুক্তিযুদ্ধের প্রথম শিক্ষক ভালোবাসি কারণ আপনি আমাদের শিখিয়েছেন মুক্তিযুদ্ধ নিয়ে কোন আপোষ হয় না কোন দলবাজি হয় না শিখিয়েছেন হয় তুমি মুক্তিযুদ্ধের পক্ষে বা বিপক্ষে মাঝখানে কিছ নেই শিখিয়েছেন স্বদেশপ্রেম সবার আগে তারপর দুনিয়া আপনাকে স্যার আমার মতো আপনার লাখো দোয়া থাকতে আপনার কিছুই হবে না,2
আমরা কবে বিগো তে পাবো,1
আমাদের সমাজজীবনের মূল সমস্যা আমাদের বিচিত্র আইন না মেনে চলার মানসিকতা ভুলে যাওয়া নয় সরকারী কর্মকর্তারা কিন্তু বেহেস্ত থেকে আসেন না উনারা কোনকিছুই দীর্ঘস্থায়ী পরিবর্তন করতে পারবেন না যদি আমরা সবাই সাধারণ মানুষ নিজেদের ব্যক্তিগতজীবনে নিয়ম বা আইন মেনে চলতে বিমুখ থাকি,2
আমার গ্যাস্ট্রিকের ট্যাবলেট লাগে ছবি দেখলেই আমার হাগা ক্লিয়ার হইয়া যায়,1
আমার পছন্দের একজন লেখক ছিলেন কোটা আন্দোলন নিয়ে আপনার বক্তব্য যখন সরকারের মনপূত হলোনা আপনিও সাথে সাথে আপনার বক্তব্য ঘুরিয়ে সরকারের পদলেহন করলেন একজন মন্ত্রী সকল সাধারন ছাত্রকে রাজাকার বলল আর আপনি ঘুরিয়ে ফিরিয়ে উশৃঙ্খল অমানবিক বললেন আপনি কি এটা দেখেন নি ছাত্ররা সেদিন নিজ দায়িত্বে এম্বুলেন্স গুলো রাস্তা পার করে কোন দিন রাজনৈতিক নেতাদের জন্য ঘন্টার পর ঘন্টা এম্বুলেন্স আটকে থাকা নিয়ে তো আপনি মন খারাপ করেন নি সেদিন গাজীপুরের মেয়র প্রার্থী জাহাঙ্গীর আলমের নির্বাচনী মিটিং এর জন্য ঘন্টা রাস্তা বন্দ ছিল আমাদের ভার্সিটির অনেকে পরীক্ষা দিতে পারেনি এসব আপনাকে কষ্ট দিবে না সরাসরি রাজনৈতিক বক্তব্য দিলে ই পারেন রাজনৈতিক পছন্দ থাকতে ই পারে কিন্তু একটা সঠিক এবং ন্যায় আন্দোলন কে নিয়ে সমালোচা করলেন এটা দেখার পর পর ই আপনার লেখা বই কোন দিন কিনবো না বলে প্রতিজ্ঞা করেছি,2
আমার পছন্দের একজন লেখক ছিলেন কোটা আন্দোলন নিয়ে আপনার বক্তব্য যখন সরকারের মনপূত হলোনা আপনিও সাথে সাথে আপনার বক্তব্য ঘুরিয়ে সরকারের পদলেহন করলেন একজন মন্ত্রী সকল সাধারন ছাত্রকে রাজাকার বলল আর আপনি ঘুরিয়ে ফিরিয়ে উশৃঙ্খল অমানবিক বললেন আপনি কি এটা দেখেন নি ছাত্ররা সেদিন নিজ দায়িত্বে এম্বুলেন্স গুলো রাস্তা পার করে কোন দিন রাজনৈতিক নেতাদের জন্য ঘন্টার পর ঘন্টা এম্বুলেন্স আটকে থাকা নিয়ে তো আপনি মন খারাপ করেন নি সেদিন গাজীপুরের মেয়র প্রার্থী জাহাঙ্গীর আলমের নির্বাচনী মিটিং এর জন্য ঘন্টা রাস্তা বন্দ ছিল আমাদের ভার্সিটির অনেকে পরীক্ষা দিতে পারেনি এসব আপনাকে কষ্ট দিবে না সরাসরি রাজনৈতিক বক্তব্য দিলে ই পারেন রাজনৈতিক পছন্দ থাকতে ই পারে কিন্তু একটা সঠিক এবং ন্যায় আন্দোলন কে নিয়ে সমালোচা করলেন এটা দেখার পর পর ই আপনার লেখা বই কোন দিন কিনবো না বলে প্রতিজ্ঞা করেছি,2
আমার বাল এখনও কটকটা কালা তর চুল দলা হইলো তুমারে না ইচ্ছে করে বিচি রাবার বাইন্দা গ্রিল কাবাবের গরম আগুনের উপরে জুলাই রাখবার শালা খানকি,1
আমার মনে হয় বাংলাদেশে প্রভার পরে সবচাইতে বেশী খারাপ সমালোচনা পিয়া বিপাসাকে নিয়েই,1
আমার রুমমেট আপু কয়েকদিন আগে গেছিলো যাওয়া যায়,2
আমার হাগু ধরেছে,1
আমার হোগা মারা সারা,1
আমি আমার প্রিয় দেশ নিয়ে জানি এই মিল্কভিটার খনির জন্য পশ্চিমা বিশ্ব হামলা করে,1
আমি ওর বিচি দুইটা কেটে নিয়ে টরাস টরাস করে মার্বেল খেলব,1
আমি কোনোদিন কাউরে গালি দেই নাই কিন্তু তোদের দেখলে গালি শিখতে মন,1
আমি ঘটনার সময় জিগাতলা ক্রস করছিলাম,2
আমি তোমার বডি মাসাজ করে দিতে চাই,1
আমি তোমার ভোদা দেকি,1
আমি তোমালে খুব পছনদ করি বেবী,1
আমি তোরে পাইলে তোর নাকের নিচের বালে আগুন লাগাইয়া দিব নডিরপুত আরিপ্পা,1
আমি নাটোর গিয়ে কাচাগোল্লা খুজি গোল্লাতো আর পাইনা দোকানি কে প্রশ্ন করি ভাই কাচাগোল্লা কই দোকানি কাচা গোল্লা দেখাই বলে এটাই কাচাগোল্লা আমি বলি এটাতো,2
আমি যেখানে থাকি সেখান থেকে মাত্র মিনিটের পথ,2
আমি সিউর এইটা টেস্টি হবেই,1
আমি হেতার ডেরাইহাড,1
আমিও এখন থেকে জিপার খুলে রাস্তা দিয়ে হাঁটবো তাহলে এইটাও আর্ট হবে,1
আম্নে বেচ্যা সুন্দরী পোতিযোগীতা করেন,1
আম্মু মন খারাপ করিস আমি যে কোন প্রয়োজনে আমাকে আমি তোদের সবাইকে ভালবাসি ভাল,2
আর ও হট চাই,1
আর কোন কাজ,2
আর তোরে প্রতিরোধের জন্য তোর গোয়ায় বাতাবি লেবু ভরে দিয়ে আধা ঘন্টা রড দিয়ে নাড়াচাড়া করবো তারপর সেই নিউজ বিটিভি তে প্রচারিত হবে একজন সফল লেবু চাষীর গল্প সময় থাকতে ধর্মের পথে আয় মাদারচুদ,1
আরিপ বাই আফনে অনেক ইসমাট আমি আফনার অনেক বড় একটা এছি,1
আরিপ বাই রাগ কইরেন না গিবনে প্রথম আপনার লগে পাজলামি করলাম,1
আরিপ্পা কে মরুভুমিতে দেখা যাচ্ছে না তুই ও শেষ পর্যন্ত নারী পাচারের শিকার দের হোগা মারা খাইতে রিপ্লে না দিলে তুই তোর আম্মুরে লাগাইস,1
আরিপ্পা তোর ড্রেস আপ,1
আরিপ্পা তোর হোগার টস টস কইরা কাচা বেত দিয়া পিটায়া ওই জায়গায় লবন মরিচ দিয়া দিমু,1
আরিপ্পা শালা তোকে হাল্কা চুদে ফর্মে এনে রাস্তায় ফেলে দিবো শালা গন্ডারের বাচ্চা গন্ডার শালা আসলেই একটা চোদা চোদা চোদা চোদা চোদা চোদা চোদা চোদা চোদা চোদা চোদা চোদা চোদা চোদা চোদা বেগুন চোদা চোদা চোদা চোদা চোদা চোদা চোদা চোদা চোদা চোদা চোদা চোদা চোদা চোদা চোদাআরিপ্পা মাদারচোদ তোর গুয়া তাবিজ্জারে দিয়া ব্লাস্ট করুম,1
আরিফ একটা,1
আরিফ তোমারে আমি পাইনা না ক্যান এটা মনে রাইখো যদি ভুলেও আমার চোখের সামনে পড়না হলিডে মোড়ের সেই ডাস্টবিনের উপরে সারাদিন খাড়া করাই রাখবো কেউই ঠেকাইতে পারবোনা,1
আরিফ সেফাতউল্লাহ তোরে পাইলে স্রিত স্রিত করে আখের রস ঢেলে দিবে তোর পিছনে,1
আরিফ্ফা লো তোর লম্বা লম্বা বাল জিলেট রেজার কিনে নিজের বাল ছেটে ফ্যাল লো,1
আরেকটা অপশন দরকার ছিল দেখি,2
আরোও দেন তাড়াতাড়ি ক্ষিদা লেগে গেলো তো,2
আল নিজেকে মেসি লেভেলে নিয়ে যেতে মে বি প্রত্যেকটা মানুষকে ধরে ধরে পিটাইতেন সে এত অটোগ্রাফ চাইতেই তাঁর হাতে লাঘেস ছিলো বা মাএই ম্যাচ সে তারপরেও তাঁর এর প্রতি ব্যবহার কোন ভাবেই প্রত্যাশিত নহে,2
আল্লাহ পবিত্র হজ্ব কবুল করুন আমাদের অলরাউন্ডার সাকিব দেশের গর্ব জাতির,2
আল্লাহর ওয়াস্তে অশ্লীলতা করার জন্য বাকি মাস পড়ে আছে এই একটা মাস আমাদেরকে অশ্লীলতা থেকে বিরত রাখ বাকি মাস পরে রয়েছে তোর অশ্লীলতা দেখার জন্য তখন মন খুলে ইচ্ছামত দেখাইস,1
আসছে,1
আসলে তুমি খুব সুন্দরী,2
আহ মধু মধু,1
আহা দুদু কইরে বিপাশা খানকি,1
আহা মাদার দোচা বললেন বললেই পারতেন গালি দিতে বাধা কিসের,1
আহারে বেচারা দুদু গুলো শুকিয়ে গেছে,1
আহ্ চারটা মাগি একসাথে সমুদ্রের পাশে দাড়িয়ে খদ্দর খুজতেছে,1
আড়িপ্পা তুই ইন্ডিয়া যা ওখানে পাছাকামিতার বৈধতা দিয়েছে,1
আয় ইন্ডিয়া যাই তোকে কাল্ত করতে আইনি কোন বাধা থাকবে না খানকির পোলা গে,1
আয়মান কে দুইদিন চুদে মানুষ বানিয়ে ফেল্লাম তোরে কন্টিনিউ চুদেও পারলাম না আমার ব্যার্থতা,1
ইচ্ছা করতাছে তোর ল্যাওড়া টাইন্যা লম্বা কইরা দিতে যাতে নিজের পোন্দে নিজের ল্যাওড়া ঢুকাইতে পারস আর নিজেই কইবি খাংকির পোলা জোরে দে,1
ইচ্ছা করতাছে তোর হোগার ভিত্রে কবুতর ঢুকাইয়া হাত তালি দিতে যাতে তোর হোগার ভিতরে কবুতরের ছটফটানিতে তুই মইরা যাস,1
ইচ্ছা করতাছে তোর হোগার ভিত্রে কবুতর ঢুকাইয়া হাততালি দিতে যাতে কবুতরের ছটফটানিতে তুই মইরা যাস,1
ইঞ্জিনিয়ার উজ্জ্বল চৌধুরী আমার সোনার পেন্টি টা খুলতে একটু পর যাওয়ার জন্য করছে সে আমাকে,1
ইদানিং তুই বেশী চালাক হইয়া জুম্মার নামাজের আগে ছবি আপলোড দেস তারাবীর নামাজের আগে কি নামাজের যাওয়ার আগে তো আর মানুষ গালি দিবে তাই হালা দেখ জুম্মা শেষে হাজার হাজার মানুষ তোরে এসব কামলাচোদা ছবিরে আর তোরে কিভাবে পুটকি মাইরা আকাশে পাঠায়,1
ইদানীং অনেক পোংটা হয়েছ ছোট্ট বন্দু সারাদিন মজা করো,1
ইন্ডিয়া চলে যা চোদনা,1
ইমতিয়াজ রোকন জাহিদ অপু মাহফুজ রায়হান সাইবিন জান্নাত জেসিয়া করো না সেরা,2
ইমন তোমার বউকে জন্মদিনের শুভেচ্ছা,2
ঈদের আগে কুরবানির বলদ গরু আর গাই গুলার শেষ আহারে,1
ঈদের আগে গরু খাওয়ার প্রস্তুতি হিসাবে পেটের সব হাগু চেপে চেপে বের করে ফেলছে বোনটি সেই হাগু খেয়ে পরিবেশ ঠিক রাখতে এগিয়ে এসেছে জাতীয় পতিতা আরিপ্পা,1
এ ভাই তোর গুয়া যদি কুত্তা দিয়ে মাইরা লইতে পারতাম তাহলে মনের জ্বালা মিটতে,1
এই কথা গুলো আমি বারংবার মানুষকে বুঝাতে চেষ্টা করি অনেকেই বুঝে অনেকেই বুঝে না,2
এই কমেন্টটি আপনি হয়তো পড়বেন না তবু লিখছি আপনার দেশের মানুষ নই কিন্তু আপনার ভাষা আর আমার ভাষা আপনার দেশকে যতটা না ম্যাপ দিয়ে চিনেছি কিংবা আমার পূর্বপুরুষের শিকড় ছেঁড়ার স্মৃতি দিয়ে চিনেছি তার চেয়েও অনেক বেশী জেনেছি আপনার দাদা হুমায়ুন আহমেদ ও আপনার লেখা দিয়ে তাই বড়ো আপন মনে হয় আপনি আক্রান্ত হওয়ার পর বুকে ছ্যাৎ করে মানুষের বিপদে যেমন হয় আপনি সুস্থ হয়ে উঠুন খুব শিগ্গির কাঁটাতারের এই পারে আমরাও আপনার দেশের মানুষের মতোই আপনার আরোগ্য কামনা করি,2
এই কমেন্টটি আপনি হয়তো পড়বেন না তবু লিখছি আপনার দেশের মানুষ নই কিন্তু আপনার ভাষা আর আমার ভাষা আপনার দেশকে যতটা না ম্যাপ দিয়ে চিনেছি কিংবা আমার পূর্বপুরুষের শিকড় ছেঁড়ার স্মৃতি দিয়ে চিনেছি তার চেয়েও অনেক বেশী জেনেছি আপনার দাদা হুমায়ুন আহমেদ ও আপনার লেখা দিয়ে তাই বড়ো আপন মনে হয় আপনি আক্রান্ত হওয়ার পর বুকে ছ্যাৎ করে মানুষের বিপদে যেমন হয় আপনি সুস্থ হয়ে উঠুন খুব শিগ্গির কাঁটাতারের এই পারে আমরাও আপনার দেশের মানুষের মতোই আপনার আরোগ্য কামনা করি,2
এই গুলো বলে কেউ কেউ নিজেকে স্মার্ট দাবি করে কিন্তু এই মানুষ গুলোই কিন্তু রিয়েল হিরো,2
এই পাগলেরে সিরিয়া নেওয়া দরকার কি বলেন সবাই,1
এই পুরস্কার কি সাইজের জন্য,1
এই প্রথম বোনের ছবি এক সেল্ফি মজা কি মজা,1
এই বাবে বলতে নেই,1
এই ভাবে দেখাবে,1
এই মেয়ে গুলা যখন তোর ফানপেইজ দেখবে তখন তাদের আত্মহত্যা করা ছাড়া আর কোন উপায় থাকবে না,1
এই মেয়েটার রেট কেমন প্লিজ পকেটে টাকা আছে,1
এইটা কি,2
এইতো মানসিক রোগী,1
এইদিকে আসলে খবর দিও,2
এইবার ঠিক আছে সেই মানাইছে তোমার সাথে,1
একটা অনুরোধ থাকবে আপনি এবং বাংলাদেশের সকল ট্রাভেলারদের প্রতি যেখানেই যাবেন চেকইন দিবেন পারলে গুগল ম্যাপে সংযুক্ত করে দিবেন চেকইনটা অন্য ট্রাভেলারদের গন্তব্যে পৌঁছাতে সাহায্য করবে,2
একটা দিবি লবন ছাইতাম কিচ্চু কর্তাম না,1
একটা মানুষ কেমনে এত মাদারচুদ অবার পায় বুঝি না আমি সিডর এ বাংলার এত ক্ষয়খতি অইছিল তুই চুতোমারানি মইরা গেলে এদেশের একটা অন্তত লাভ অইতো মইরা যা বানচোত,1
একটু আগে আমার এক বন্ধু তার একটি পোষ্টে আমাকে মেনশন দিয়েছে তো মন্তব্যগুলো দেখে তো চোখ কপালে উঠে গেছে পরে সবগুলো পড়তে লাগলাম পিক থেকে গত মে মাসের সবগুলো পিকের কমেন্ট ছেলেটির ধৈর্যশক্তির তারিফ করতে হয় এত্তসব গালি খেয়েও পোষ্ট করে যাচ্ছে কেন এই অবলা প্রাণীটাকে আপনারা গালি দিচ্ছেন বুঝতে পারছি না রীতিমতো গালি চর্চার প্লাটফর্মে পরিণত হয়েছে এই অবলা প্রাণীটি কিন্তু আমি জানি না প্লিজ কেউ,1
একদম মিয়া খলিফার মত লাগতেছে,1
এক্স,0
এখন কি পেয়াড়া মৌসুম আছে এখন গেলে কি ভাসমান বাজার সম্পূর্ণভাবে,2
এটা কি দিলা গো তুমি,2
এটা কি দিলা গো তুমি,2
এটা কিনেছি টাকা দিয়ে,2
এটা ক্রয় করলাম ভাই,2
এটা বাংলাদেশ নয় তো,0
এটার চেয়ে নোভা টা এর ছবি এত ক্লিয়ার না,2
এত আবেদনময়ী,1
এত গোস্ত একসাথে পেয়ে তাদের প্রিজার্ভ করার উপায় নাই দেখে নস্ট না করে যদি বিক্রি করে দেয় এতে দোষের কিছু আমি দেখছিনা এটা দেখে যদি কারো খটকা লাগে তবে সে ছোট লোক বরং এটা বুদ্বিমানর কাজ বলে মনে হয় পজিটিভ সাইডটা দেখি আমরা,2
এতো কিউট কেনো,2
এতো যায়গায় ঠাডা পরে এ হোগাত দুই একটা পরে না কেন,1
এত্ত স্মার্ট একটা পোলা পেইজ ডুক্লে মনে হবে আপনি আসলেই একটা হিরো তুই আসলেই একটা গন্ডার মাদার টোস্ট হালার পো,1
এন্টি ভাইরাছ তুমি,2
এবং ওরা ওদের হিংসে লুকোতেও জানে এসে হামলে পড়বে কমেন্টস সেকশনে এবং জানান দিয়ে যাবে যে তারা হিংসার বিষে দংশিত খুজে বের করতে হয় না এমনেই আগ বাড়িয়ে চলে প্রমান একটু অপেক্ষা করুন কমেন্টস সেকশনে,2
এভাবে আর কত,1
এভারেস্ট এর চুরা আর দেখান না,1
এমন সময় আপনি পোস্ট করছেন যে সময় আমার ফোনে একটা এমবি ও জন্য কিছুই দেখতে পাচ্ছি,2
এর অবসতা দেখে মনে হয় ওকে জন মিলে রেপ করে এই মমাএ ছেড়েছে,1
এরপর যখন যাবি আমিও যাবো আর এইগুলি সব ঘুরে আসব,2
এরে আরিপ্পা পাডার পো পাডা লোহা গরম করে লাল করে তোর পাছা দিয়া ঠান্ডা অংশ ডুকামু আর গরম অংশ বাহির করে রাখমু জেনো বাহির করতে না পাছত,1
এরে আরিপ্পা শান্তির পুত তোরে লেংন্টা কোইরা মান্দার গাছের সাথে বাইন্ধা বোল্লার বাসা তোর গায়ে ভাইঙা দিমু,1
এলন রেসমি,1
এস এম রনি বাবু,2
এসব খাংকিদের কাছ থেকে দুরে থাকুন,1
এসব পিক তোমারে মানায় না বেপি তুমি আরো কাছ থেকে বুকের পাঠা দেখিয়ে ছবি আপ্লোড করবে,1
ঐ দেখা যায় তাল আমাদের খানেতে বাস আপু এইগুলা কিন্তু ঠিক না এমনে পোজ দিয়ে ছবি তুলে পিচ্চি পিচ্চি ছেলেদের হাতে কত শত খুন দায় কে,1
ও শোনা হেবি লাগছে,1
ও সোনা আসো নাকি,1
ওই চুতমারানি মাত্র হোম পেইজে ডুকলাম আর দেখি তুই তর বইন লেসবু পার্টানার এর পিক তাবিজ্জার বালের সাথে প্যাচাইয়া গুলিস্তান এর কুত্তা দিয়ে পুটকি মারামু,1
ওই মোটি,1
ওকে দেওয়া ছাইড়া দিসি বাইচা গেছস রে খানকিরপোলা,1
ওকে ভাই,2
ওত আবাল রে কুত থেকে আসে,1
ওফ্,2
ওরে মাতালি তুই আর সময় পাইলি না,1
ওরে মোর নায়লা এ তুমি কি দেহাইলা রূপেরও আগুনে তামা তামা হ্ইআ যামু,2
ওস্টানের দরকার,1
ওয়াও,2
ওয়াও,1
ওয়ান ডে ও সিরিজ বাংলাদেশ জিতল এ সাফল্য সম্পূর্ণ সরকারের টেস্ট সিরিজ লজ্জাজনক ভাবে হারল এর ব্যর্থতা বিরোধী দলের,2
কই থেকে এই ফেরিওয়ালীদের তুই ধরে বিরক্তিকর,1
কক্সবাজার সমুদ্র সৈকতের খানকিমাগী তাবিজ ফারুকের জন্য অপেক্ষা করছে এর মধ্যে একজনকে তাবিজ ফারুক পোন্দাইতে পোন্দাইতে গোয়া এত বেশি ফাঁক কইরা ফালাইছে যে ওই গুয়া দিয়ে হাতি ও ঢুকতে পারবে এদের মধ্যে একজন ট্রান্সজেন্ডার সেদিন রাতে কনডম দুর্ঘটনা না ঘটলে এই মাদারীরপুতরে দেখা লাগতো না,1
কখনো তেমন গালি দেওয়ার অভ্যাস নাই কিন্তু তোকে দেখলে কবিতার কথা মনে পরে যায়,1
কচি,1
কত আর ঔষধ বিক্রি,2
কতটা বেহায়া হলে এই মেয়ে ফেসবুকে যা করে,1
কথা,2
কফি বানালাম এখন শুধু কমেন্ট পড়ব,1
কবে,2
কম খাবেন না হয় মুটিয়ে যাবেন,1
কমেন্ট,1
কমেন্ট পড়তে আসছি,1
কমেন্ট পড়তে এসেছিলাম নিরাশ হইনি,1
কমেন্টে মজা মত,1
করলাম,2
করেই দাও বার,1
কলা খাবা,1
কাপড় খুলে আসলেই ভলো হত,1
কারো কাছে সাকিব খানের সিনেমাই হলো আসল এন্টারটেইনমেন্ট যেখানে আরেকটা গ্রুপ ভাবছে নেটফ্লিক্সের অরিজিনাল সিরিজ না দেখা মানুষগুলোর একদম ডেপ্থ নেই মননের পার্থক্য থাকবেই কিন্তু আমরা সবাই ভাবতে ভালোবাসি আমি যে দৃষ্টিতে পৃথিবী দেখি সেটাই সঠিক সিন্ড্রোম এটা,2
কালো গ্লাস টা তোর চোখে না দিয়ে হোগার মধ্যে দে,1
কাহিনী কি এমনে পচায়,1
কি জিনিশ,2
কি জিনিশ,2
কি জেন দেখলাম,2
কি নানি,1
কি ম্যাজিক রে,2
কি রে,1
কি সুন্দর বালুবাসা,1
কি হিংসা চাও আরিপ খার খা হালাপুতেরা,1
কিউট ডল তুমি,1
কিছু বেথা তর জন্য হয় রে পাগলি,1
কিরে আবালচোদা চুলে কি তোর গপ্পেন হাগু,1
কিরে বদমাইশ বেডির নাম্বার দিয়া কি করবে জেরিন কে দিয়ে তর হয় না,1
কিরে মাদার টোস্ট,1
কিশোর মাহমুদ ভাবী আপ্নেরে ডাকে,2
কী চমৎকার লাগছে গো,1
কুত্তা,1
কুরবানীর গরুরে তোগো ছবি দেখাইসি দড়ি ছিড়া ভাগসে,1
কেউ ঠেলাঠেলি করবেন না ভাবে লাইনে দাড়ান কমেন্ট করার সুযোগ পাবেন,1
কেউ ধাক্কাধাক্কি করবেন না লাইনে দ্বাড়ান সবাই গালি দেওয়ার সুজোগ পাবেন কে গালি দেওয়ার পর বিরানির ব্যবস্থা আছে,1
কেনো আপনাকে বিগো লাইভে পাইনা আমাদের বলবেন,1
কেমোন মজা মেটাম,1
কোরবানির গরু গুলো হাটে না দেখে মাঠে কেনো অনতিবিলম্মবে গরু গুলো কে মাঠে নেওয়ার জন্নে জোর দাবি জানাচ্ছি,1
ক্রাশ খেয়ে আমি হারিয়ে গেছি আন্টি,1
কড়া,1
কয়েকদিন আগে হুয়াওয়ে মোবাইলের প্রতারনা ধরা দিয়ে তোলা ছবিকে নিজেদের ফোনের সেল্ফি ক্যামেরা বলে দাবী,2
খাঙ্কি তোরে পাইলে পাঠা দিয়ে চুদাইয়া গলায় দরি দিয়ে গাছের সাথে টানাইয়া রাখতাম যেন পর তোর চাইরটা বাচ্ছা হয়,1
খাটে ছিলাম ভাই পিক দেখার সাথে সাথে মহাশূন্যে চইলা গেছি এখনো জিরো গ্র্যাভিটিতে ঘুরতাছি ভাই,1
খানকি মাগির পুলা তোরে মুনডা চায় কুত্তা দিয়া,1
খানকির পোলা তোর পাছায় পুঁটি মাছ লাগায় হাঁসের খামারে ছেড়ে দিব চুদন কত প্রকার তখন বুঝবি,1
খানকির পোলা তোর রক্তের গ্রুপ চেণ্জ করে দিব,1
খানকির পোলা তোরে পিঠ মোড়া করে বাইন্দে গুয়ার রগ খ্যাচ করে কাটে দিতে হবে এবং তোরে ঠাপায়ে রক্তের গ্রুপ চেইন্জ করার জন্য তো তাবিজ ফারুক হিজরা ভাড়া করতে গেছে ভাল হ বাইন,1
খানকির পোলা সবার পরিবর্তন আসলে ও পুলিশ পরিবর্তন আসবে পোলা মদ খা না খাইলে তুর মারে,1
খানকিরপু মনডা চাইতাছে নিজের বিচি খুইলা তর মুখে ছুড়ে মারি,1
খানা খাওয়া লাগবনা দেইখাই পেট বইরা গেছে,1
খারাপ মেয়ে,1
খালি কমেন্ট পড় অঝোর বৃষ্টি,1
খালেদা জিয়ার মুক্তি দাবী করেনি সরকারের পদত্যাগ দাবী তামা হওয়া নিয়ে কথা টন কয়লা গায়েবের হিসাব কোটা সংস্করণ সেতুর অতিরিক্ত খরচ নিয়ে প্রশ্ন করেনি থেকে লক্ষ কোটি টাকা কোথায় পাচার হয়েছে সেই প্রশ্ন করেনি ফেলানী কুমিল্লার তনু মিতু হত্যার বিচার দাবী লক্ষ লোক প্রতি বছর বিলিয়ন ডলার নিয়ে যায় কেন সেই প্রশ্ন করেনি বৃষ্টি হলেই রাস্তা ঘাটে পানি জমে যায় কেন সেই প্রশ্ন করেনি গুলো ধারা ভংগ করে কোন কথা বলেনি ডিরেক্ট কাহারো বিরুদ্ধে প্রশ্ন তুলেনি শিশু গুলোর দাবীতে ক্ষমতাসীনদের জন্য অবমাননাকর কিছু ছিল না শুধু চেয়েছিল নিরাপদ চাওয়া কি অপরাধ হয়ে মনে হয় না লাঠি চার্জ,2
খাস,1
খুব সুন্দর,1
খুব সুন্দর লাগছে তোমাদের বোন কে,1
খুব সুন্দর সোনা,1
খুবই কষ্ট হচ্ছে পিকটা দেখে,1
খুলে দেখাও,1
গরম চলে এসেছে কি করে বুঝবেন যখন দেখবেন পিয়া বিপাশা এর দ্রেস এর ভিতর পরিবর্তন শুরু হয়ে গেছে আর সব কিছু দৃশ্যমান হতে শুরু করেছে অনেক টা মেঘ সরে যেয়ে সূর্য বের হওয়ার,1
গরমের দেশে যাও হুদাই শিতের পোশাকে তোমারে মানায় না পাহার গুলা সাদৃশ্যমান হই না,1
গরিবের মিয়া,1
গরিবের মিয়া খলিফা,1
গরিবের সানি,1
গরীবের মিয়া,1
গাভীদের দিয়ে কি তোমার গোহা মারাবে,1
গুড ওয়ান,2
ঘোড়ার বাল এড করছো,1
চমৎকার,2
চলে না তোরে,1
চামড়া ডিলা হবে একদিন,1
চার মাগীকে আজ একসাথে গ্রুপ অরে পোদ মারা হয়েছে আপনারা আবার এটাকে গুজব ভাববেন না ইনু,1
চার সতীনের ঘর,1
চালী পুরা ময়দার বস্তা,1
চুদাচুদি বের কর না একটা,1
চুদানির পোলা এই পবিএ জুম্মার দিনটায় শান্তি দিলি না,1
চুদি পুটকি দিয়া,1
চুদির ভাই তোর আইফোন এর সেল্ফি এর জঘন্য বালের মধ্যে কাচা হাগু দিয়ে এইটা কি,1
চোদা,1
চোপ ধাগরি,1
ছবি তোল,1
ছাগী,1
ছি মেয়ের মুখে গালি,1
ছেলে জোরে জোরে না আস্তে আস্তে,1
ছোটবেলায় আমার বাসা ছিলো আমবাগান নামে এক পাড়ায় প্রচুর আমগাছের ছায়া আর একটু পর পর ছিল পুকুর নামের এক বাচ্চা পানিতে ডুবে মরে যায় খেলতে খেলতে কেউ বাঁচাতে পারেনি কারণ বাচ্চারা কীভাবে কাউকে ডাকতে যেতে হয় তা ও জানে না ওই ট্রমা এখনও আমার মধ্যে কাজ করে ভিত্তিতে সাঁতার প্রশিক্ষণ কর্মশালা চালু করা যেতে পারে,2
জক,2
জন,1
জন স্নো নামটা শুনতেই ভাল্লাগে,2
জনগণ ইচ্ছা করলে সব কিছুই করতে পারে একটা সরকার গঠনও করে আবার পরিবর্তনও করে ফেলে উঠাতেও পারে আবার নামাতেও পারে মাননীয় জনগণ বলে সম্বোধন করা,2
জনি সিন্স এর গফ,1
জমজ নাকি,2
জাতি জানতে চায় এখানে কয়টা মেয়ে,1
জিগাতলায় কিশোর শিক্ষার্থীদের ওপর হামলা করেছে এটা ডেইলি স্টার আর ঢাকা ট্রিবিউনের বাংলা সংস্করণের প্রতিবেদনে এসেছে কয়েকটি ফেসবুক ভিডিওতেও তা পরিষ্কারভাবেই দেখা যাচ্ছে এটা প্রচার করেন এর ভিত্তিতে সমালোচনা করেন রেপ হয়েছে বলে যে দাবি তোলা হচ্ছে তার পক্ষে এখনো কোনো প্রমাণ নেই কাজী নওশাবা আহমেদের ভিডিও বা কয়েকটি অস্পষ্ট ভিডিওর আলাপ কোনো প্রমাণ না আসলে আমি বলছি না হয় নাই কেননা হয়েছে না হয় নাই সেটা এখনো কেউ ইন্ডিপেন্ডেন্টলি ভেরিফাই করেন নাই হতে পারে এটা আসলেই একটা রিউমার এবং আওয়ামি লিগের লোকজনই সাধারণ মানুষকে বিভ্রান্ত করতে এই রিউমার ছড়াচ্ছে কাছে অনুরোধ করছিঃ কারো ট্র্যাপে পা ফেলবেন না আনভেরিফাইড কোনোকিছু প্রচার করবেন না মাথা ঠাণ্ডা রেখেই কিশোর শিক্ষার্থীদের আন্দোলনের পক্ষে থাকুন ও ন্যায়বিচার চাওয়া অব্যাহত রাখুন,2
জুতা দিলাম,1
জুম্মার দিন হইলেই এই শালার চুল্কানি উঠে,1
ঝুলছে আর ঝুলতেই আছে,1
টাইগারদের পরবর্তী মিশন এশিয়া কাপ আগামি সেপ্টেম্বর দুবাইয়ে বাংলাদেশ ও শ্রীলঙ্কার মধ্যকার ম্যাচ দিয়ে শুরু হবে এশিয়া কাপ আপডেট নিউজ পেতে আমাদের পেইজে গিয়ে লাইক দিন খেলার খেলার খেলার খেলার,2
টাইট জামা আর বিগ বূবস এর একটা পিক দিয়েন,1
টানাবান,0
টিসাট টা খুলে খালি গায়ে তুলো একটা,1
টুকরা টা শুকায়া পুটি মাছের শুটকির পুটকি মতো হইয়া গেছে,1
টুপিটা একদম আলাদিনের,2
ট্রাস ট্রাস করে তোর পোন্দায় হোগা ঢুকাইয়া ছ্রাত ছ্রাত করে কুত্তার বীর্য ঢালতে হবে শালা,1
ঠিক আছে তোমার সেলফি দাও তো দিতাছি,1
ডাক্তার ডাক্তার,2
ডানো ডেনিশ মিল্কভিটা ফ্রেশ রেইনবো,1
ডারটি শুক্রাণুর ফসল,1
ড্রাইভারদেরকেও ফেলা উচিত সুখন ভাই,2
ঢথআ,0
তরে আকাশে তুইল্লা উড়াইয়া উড়াইয়া পুটকি মারমু চুদানির পুত,1
তরে আাকাশে তুইল্লা উড়াইয়া উড়াইয়া পুটকি মারুম,1
তরে দেখলে নাকি পাশের বারির ভাবি উনি উনার জামাইকে অনেক ঠাপায় এতে করে উনার জামাই এবং উনি অনেক আরাম পায় তুই এইভাবে ঘন ঘন ছবি আপ্লোড দিসে এতে করে ভাবিও উনার জামাইকে ঘন ঘন ঠাপাইবো,1
তরে প্লেনের উপ্রে তুলে কুত্তা দিয়া পুটকি মারাতে মারাতে ভিয়েনায় পাটামু ছ্যার সেফুদার কাছে তারপর সেখানে সেফুদা ছ্যাপ লাগাই ডুকাই দিবে তার পর লাথি ম্রে তুকে উগান্ডায় পাটামু সেখানে জংলিদের দিয়ে পুটকি মারায় তাবিজ্জার কাছে পাঠামু,1
তরে যে ঘোড়ায়ও পুটকি মারে তার প্রমান তর ঐ লাল চুল ঘোড়ানুষ,1
তরে লাত্তি দিতে মুঞ্চায় ঈদের শুভেচ্ছা কি কেউ এভাবে অর্ধনগ্ন হয়ে,1
তাইনাকিরে বেবি দেখাও যলদি দেখাও আর পারীনা যিবায় জল এসে পরেছে কিনতু,1
তানিয়া বান্ধবীরা কমেন্টগুলা পড়ো শুধু,1
তারা যা পেয়েছে তার বেশীরভাগই বিক্রি হয়ে যাবে,2
তাহসীন উদ্দীন,2
তাড়াতাড়ি সুস্থ হয়ে ফিরে আসুন,2
তাড়াতাড়ি সুস্থ হয়ে ফিরে আসুন,2
তিনটি মেয়ে এক সারিতে বসে কেউ হাহা রিয়েক্ট না দিয়ে যাবেন না,1
তু হেডারপুত তো মদ খাইয়াও মানুষ হইলিনা,1
তুই আসলে একটা মাগি,1
তুই এইগুলাই করিস আর আরেকদিকে হিরু আলম বলিউড কাপাইতেসে,1
তুই কি দেখেছিস জিয়াউর রহমান বঙ্গবন্ধুকে হত্যা করেছে না দেখলে কিভাবে বললি,2
তুই যে একটা উচ্চ পর্যায়ের খানকি অইতাছস দিন দিন এডা কি তুই জানস রে মাদারচুদ খানকির পুলা এডা কি ধরণের মুখোভঙ্গী দেহাইছস তর মায়েগো লগে মনডায় চাইতাছে নিকৃষ্ট কোনো জানুয়ার দিয়া তর মুখে হাগাই আমার সকাল ডা পুটকিমারা খাইলো তর বদসুরত ভঙ্গিময় খোমা দেইক্কা পেস্টিনখোর,1
তুই যে একটা মাদারচোদ ওরা জানেনা,1
তুই লুভি খারাপ দুই নাম্বার নইলে সবাইকে গালি দিবি কেনো সালি চোদা নিবের সময় মনে থাকেনা টাকা ওলা দেখলেই জাও চোদা নিতে,1
তুমার পিক অনেক সুন্দর,1
তুমার যৌবন শেষ,1
তুমি গোয়া মারা খাও,1
তুমি পাদ মার,1
তুমি বাংলার সানি লিওন,1
তুমিতো এক পিতার মে তাহলে তোমার বাবা ওকি কুকুর,1
তুর বাড়িতে বাবা নেয়,1
তুরে কুত্তারে দিলেও খাইবো না,1
তো ভায়া কোথায় ছিলে এতোদিন ঠোট দুইটা তরতর তরতর করতেছিলো ভাগ্য ভালো পিক একটা আপ্লোডাই দিছো নাইলে রাস্তার মাঝখানে দাঁড়ায় কারে গালি দিয়া দিতাম আল্লাহ মালুম হোক হালারপোয়ালা ছবি দিছত ভালা কথা হোগারে এমন ছ্যাগাইয়া রাকছত ক্যা মাদারছোদ রাইতে হোগা ছ্যাগাই রাখার ব্যাবসা কর আর দিনেও ওইডারে সোজা করতে ভুইল্লা যাও সাগর কলাই কি পরিমান শক্তি তোর হোগা ছ্যাগানো দেইক্ষাই বুঝলাম মাইঞ্জারের পো,1
তোকে চুদবার টাইম নাই,1
তোমরা আমাকে খালী বস্তা দাও তোমাদের বস্তা ভরে ডাল দেব,1
তোমাকে আরো খোলা মেলা পোশাকে দেখতে চাই,1
তোমাকে একদম বউ বউ লাগে গো বান্দবি,1
তোমাকে টুনটুনির মতো লাগছে,1
তোমাকে দেখলেই সোনাটা দাড়িয়ে যায়,1
তোমাকে নিয়ে ভাবতে ভাবতে উঠে লুঙ্গিতে দেখি ভারতের মানচিত্র,1
তোমাকে বিয়ে করতে রাজি,1
তোমাকে রডদেবো,1
তোমার দুইটা জিনিস চাড়া আসলে আর কিছুই ভাল লাগেনা,1
তোমার দুধ কত,1
তোমার প্রফাইল ছবিটা ভালো লাগছে,2
তোমার বাবা ও কুকুরের বাচ্ছা তুমি সেই কুকুরের বাচ্ছা,1
তোমার বেচে থাকার অনুপ্রেরণা,2
তোমার মখে তিল দেখতে ভাল লাগে,1
তোমার সাথে যে আছে তার ছবিটা মাশাল্লাহ অনেক সুন্দর মনে হয় মুসলিম পরিবারের ছবি আর তোমার ছবি কখন সামনে খোলা কখনো পিছে খোলা কখনো নিচে খোলা উপরে খোলা এগুলি মোটেই ভালো নয়,1
তোর,2
তোর আইডল পাওয়া,1
তোর কোন কাজ না,1
তোর গোষ্ঠীর জাতের মায়রে বাপ আধুনিক বেশ্যালয়ে জন্ম নেয়া নব্য কুলাঙ্গার তথাকথিত ছাএী এমন নিউজের তুই সানি লিওনের বাংলাদেশী,1
তোর গোয়ায় ঝাড়ুর গোয়া ভইরা তোরে ময়ূর বানাই পেখম তোলাই নাচামু,1
তোর চুল দিয়া কেডা পাছা সাফ করছে হালা,1
তোর চুল বান্দরের বালের মত ক্যারে হাউয়ার পোলা,1
তোর ছবি দেইখা চিরিত কইরা মুতে দিলাম মোবাইলের উপর,1
তোর দুধের সাইজ টা কত আমার মনে হয় এর উপরে যাবে কক্সবাজার গেলে এক রাতে চার হাজার টাকা করে নিতে পারবে শুধু তোর দুধের কারনে,1
তোর বিচি দুইটা খুইল্লা পুতা দিয়া ছেইচ্চা ট্রেনের তলে ফালাইয়া দিমু বাল্ডা আজকে ছুটির দিনে একটু ঘুমাইয়া ফেসবুকে ঢুকছি আর দেখি তোর আর তোর সাথে বদনাগুলা পুটকি দিয়া ডান্ডা ঢুকাইয়া সমুদ্রের মাঝে লাইট হাউজ বানাইয়া রাইখা দিমু তোরে,1
তোর ভোদা অনেক গন্দ,1
তোর ভোদা অনেক টাইট ভোদা পাটিয়ে ফেলবো,1
তোর মতো মানুষ রে সিলেটি চা বাগেনে নিয়ে তোর হোগায় চা পাতা ভরে দিয়ে মুতে দিতে হবে সেই চা তোর খাওয়াতে হবে,1
তোর মাথার বালের মতো গায়েব হয় যাইবো পাগলের সুখ মনে মনে,1
তোর মুখ এতো বড়ো তাহলে তোর ভোদা কতো বড়ো,1
তোর মুখে মুতি তুই আল্লাহর নামে বাজে গানে ন্যাংতা নাচ নেচেছিলি তুই জাহান্নামি বুঝবি সময় হলেই যখন মরবি,1
তোরে কিছু বলা আর ট্রেনের চাক্কাই পাম দেওয়া একই কথা তবুও তোরে চারমু না হেড্ডার পুত,1
তোরে গরুর হাট থেকে ছাড়ছে ওরে সামনে পাইলে আমার গোবর ভরা জুতাডা পিটামু যাইহোক আরিপ্পা তোর দাম সাথে তোর এই দুধালি গাভীগুলার ফ্রি নিমু তুই তাড়াতাড়ি আয় তোরে কোরবানি দিতে হইবো,1
তোরে ট্রাক চাপা দিয়ে মারে না না মারলে তুই মরে যা ইচ্চা করে পড়ে তোর মৃত্যুর আন্দোলন করবো,1
তোরে সেফুদারে দিয়া চোদানো উচিত,1
দাত ঠিক আছে,2
দাদুর বিচিতে ভালই পাওয়ার আছে,1
দারুণ,1
দিন দিন তোমার সেক্সি লুক হারিয়ে যাচ্ছে,1
দুই বার কেন তুমি বার তুলতে পারো তাতে আমাদের,1
দুইজনে ব্রা পরলে কিভাবে তোমাকে আচ্ছা নুনু নাকি,1
দুর হয়ে যায় শয়তান,1
দুস্ত ইহানে কিসের ম্যাজিক বলেরে আমি কিছু বুজি না,2
দেখাইলে ভালো কইরা দেখাইবা রাত্রে প্রন দেখা লাগবেনা দিয়া কাজ চালাইতে পারমু মাজে করি তোমার টা দিয়াই আরো করে দেখাও রিকুয়েস্ট মি,1
দেখেন প্লিজ মজা পাবেন,2
দেশিও পোডাক্ট বিদেশিও মতো ফোজ এটা প্রিয়াঙ্কা কে মানায় আপনাকে না আছেন কিন্তু আপনি,1
দেশের সেরা মাল,1
দোস্ত গরিবের পর্নস্টার,1
দোয়া আর শুভ কামনা আল্লাহ্ ভরশ,2
ধন্যবাদ ও কৃতজ্ঞতা জানাই আপনাকে এই মানুষটি বাংলাদেশের অনেক বড় সম্পদ অসংখ্য তরুন তরুণীর জীবনে তার লেখাগুলো দিয়ে তিনি ঠিক পিতার মতই আদর্শ আর শুভচিন্তার বীজ বুনে দিয়েছেন আমদের দুঃখ এবং লজ্জা রাখার জায়গা নেই যে কিছু অন্ধ মানুষ তার মূল্য বোঝে না,2
ধন্যবাদ ও কৃতজ্ঞতা জানাই আপনাকে এই মানুষটি বাংলাদেশের অনেক বড় সম্পদ অসংখ্য তরুন তরুণীর জীবনে তার লেখাগুলো দিয়ে তিনি ঠিক পিতার মতই আদর্শ আর শুভচিন্তার বীজ বুনে দিয়েছেন আমদের দুঃখ এবং লজ্জা রাখার জায়গা নেই যে কিছু অন্ধ মানুষ তার মূল্য বোঝে না,2
ধাপড়ানো দরকার তোকে বেড়ে গেছে আমার,1
ধুদু হাবু,1
নডিরপুত আরিপ্পা,1
নতুন পাখী পাইছে খেলাধুলা হবে কিছুদিন,1
নস্ট মেয়ে,1
না,2
না স্যার আর একটু বেশি সুন্দর হত,2
নাইচ,1
নাইচ,2
নাইচ পিক,2
নাইছ,2
নাইছ লাগে তোমার হাসি,1
নাইলা বেইবি আমি আসতেছি তো তুমি এতো অস্হির হোচ্ছো,1
নাইস,2
নাইস,2
নাজমুল হাছান সোহাগ,0
নামাজ পড়েন তো আপু মনে হই না পরকালের কথা চিন্তা করিয়েন,1
নালি গরেশালি,1
নাসার এক বিজ্ঞানী তোর বিচী কাইটা নিয়ে পরীক্ষা করবে কারন তোর বিচীর মধ্যে ও একটা ব্রেন আছে বলে ধারনা করা হচ্ছে তাই বিচী হারাতে না চাইলে এমন বৈজ্ঞানিক পোস্ট বন্ধ কর খানকির পোলা,1
নাসিম আনজুম সিয়াম,2
নিজেই তো কাচ্চি,1
নির্লজ্জ বেহায়া মেয়ে,1
নুসরাত ফারিয়া সেক্সি মেয়ে,1
নূসরাত দেহ ব্যাবসায় লিপ্ত হাতে নাতে দরা পরলেন,1
পটাকা,1
পরিবর্তন চাই না পরবর্তী সড়ক দুর্ঘটনা আরিফফার পুটকির উপর দিয়া চাই পর আবার স্লোগান হবে নিরাপদ পুটকি চাই,1
পর্বঃ,2
পলক স্যার আপনার কাছে অনুরোধ করবো প্রবাসিরা কেও জেন এয়ারপোর্ট এ হয়রানির সিকার না হয় প্লিজ প্লিজ প্লিজ আপনার প্রতি এতোটুকুই অনুরোধ,2
পাগলী কয় কি,1
পাডি,0
পার নাইট কত নেও যে তিন কোটি টাকা দিয়ে গাড়ি কিনলে,1
পাশের দুটা কেরে বা এমন কইরা,1
পুরা একটা ঘণ্টা বাথরুমে যুদ্ধ কইরা বহুত কষ্টে একটু হাগু করছিলাম তাও তুই তোর মাথায় লাগাই এতো সম্মান আমি কোথায় রাখবো,1
পুরাই মাথা নষ্ট,1
পুরান ছবি আপ্লোড দিছিস নাহলে গালি দিতাম এই সব ছবিতে গালি দিতে দিতে মুখস্ত হয়ে গেছে তাই পুরান তা দিয়ে ভং ধরে লাভ নেই নতুন ছবি দে জনগন ও তোর পুটকি মেরে শান্তি পাবে,1
পুরান পিক দিয়ে ভং ধরি আরিপ্পা নিজেরে চালাক মনে করছে হালার পু তোরে চেগাই পুটকি দিয়া আইক্কা ওলা বাঁশ দিমু থিয়া তুই,1
পুরো হট্,2
পৃথিবীতে সর্বশ্রেষ্ঠ ধ্বনি আযানের আল্লাহ আমাদের সবাইকে নামাজ পড়ার তৌফিক দান,2
পেলে পাগোল হোয়ে যবে,1
পেয়ারার মার্কেটেরর সময়কাল,2
পেয়াড়া খাভি,2
পোস্ট পড়ছি আর জায়গা গুলো চিনে রাখছি গেলে অবশ্যই,2
প্রথমে চোখ পরসে ব্রা এর ভাঁজের দিকে,1
প্রভাত,2
প্রিয় মঠেল পিক আপ,1
প্রেম না করলে হয় না,1
ফকিন্নির বাচ্চা এগুলা কি গনিমতের মাল না যারে যেইখানে পারছস জড়ায়ে ধরছস,1
ফরহাদ মাহমুদ,2
ফহিন্নি,1
ফাটা বাস,1
ফাহমিদা লুবনা,2
ফৈরাউন মাদার চৌদ কাফের এর বাচ্চা,1
বইন তুই একটু শান্তিদে বিন তুর কাছে জনগন আজ শান্তি বিক্ষা চায় মাদালি,1
বস শুধু তোমার জন্য আমরা বলতে পারি যে আমাদেরও একজন আছে যে কোন একদিক থেকে সারা পৃথিবীর সেরা,2
বহুদিন পর একটা কথা মনে আইল না ইমরান হাসমির সাথে মুভি,1
বা থেকে তিন নম্বর তারটা,2
বাংলা ভাই মইরা গেসে নাইলে হেতেরে রিকোয়েস্ট কইরা তোরে গুস্টি সহ উড়াইয়া দিতাম হালার পো হালা শার্ট পড়স ডগডগইয়া লাল মোচ রাখস পাপোসের দড়ির মত তুই রাস্তায় বাইরাস খাস না জীবনের একটাই স্বপ্ন তোরে বস্তার ভিতরে ভইরা গুন্ডা ভাড়া কইরা পিডাইয়া পিছে কুত্তা লেলাইয়া দেই,1
বাংলা সানি লিয়ন,1
বাংলাদেশ দলের বাস্তবতা না দেখে তোমরা যারা সাকিব আল হাসানের অধিনায়কত্ব নিয়ে সমালোচনা তাদের জন্য এই সিরিজ জয় উৎসর্গ করলো সাকিব মাটিতে বাংলাদেশের প্রথম কোন অধিনায়ক হিসাবে সিরিজ জিতলো তাও প্রথম ম্যাচ পিছিয়ে টেস্ট খেলুড়ে দলের সাথে অভিনন্দন সাকিব আল হাসান,2
বাংলাদেশি মাইয়া অহহহ মাই গড,2
বাংলাদেশি মেয়েরা এখন এত পাশে থাকা প্রতিবেশী ভারতকে হার মানায়,2
বাংলাদেশি সানি,1
বাংলাদেশে প্রায় কোটি মানুষ একেকজনের মতামত একেক রকম হবে স্বাভাবিক তাই বলে আমার যা মনে হবে সেটা সঠিক বাকিদের যা মনে হবে তা ভুল এটা কিন্তু নয় ভার্সিটিতে পড়ুয়াদের মনে হয় ন্যাশনাল কিংবা প্রাইভেট ভার্সিটির ছাত্ররা ফার্মের মুরগী দেশের বাহিরে নামিদামি ভার্সিটিতে পড়ুয়াদের মনে হয় বাংলাদেশের বিশ্ববিদ্যালয়ের ছাত্ররা কিছুই পারে না হয়াটা স্বাভাবিক কিন্তু সেটার উপর নির্ভর করে মন্তব্য করাটা বোকামী বড় ব্যবসায়ীর একদিনের রেস্টুরেন্টের বিলের টাকা দিয়ে মধ্যবিত্ত একটা পরিবার মাস খুব সুন্দর ভাবেই কেটে যায় লাখ টাকা দিয়ে একটা পরিবার একমাস চালায় আবার কেউ হাজার টাকায় একটা পরিবার একমাস চালায় রেস্টুরেন্টের ডিনারের বিলের চেয়েও হয়ত গ্রামের নিম্নমধ্যবিত্ত কোন পরিবারের বিয়ের খরচ কম হয় বলে আমি যা করি বলি দেখি দেখাই সেটার উপরে নির্ভর করে সব কিছু যাচাই করা উচিত না,2
বাংলাদেশের কোটি মানুষের কোটি জুতার বাড়ি দিলেও এই মডেল আরিফ খানের যোগ্য সম্মান দেয়া হইবে না,1
বাংলাদেশের মানুষের ভবিষ্যৎ বাণী দেখে হাসি করে এসে ওনার কতটুকু পরিবর্তন হয় তা নয় হজ্ব করে আসার পরই করে না জেনে একটা মানুষকে কিংবা তার পরিবার কে নিয়ে বাজে মন্তব্য করা এবার বন্ধ করেন যাতে সাকিব ভাইয়া সহ ওনার পুরো পরিবার আর সকল হজ্ব যাত্রী হজ্ব ঠিকভাবে পালন করে সুস্থ ভাবে ফিরে আসতে পারে,2
বাংলাদেশের সানি আকর্ষনীয় ভেরী,1
বাংলাদেশের সানিলিওয়ান,1
বাংলার,2
বাংলার জনি সিন্স তোমার ক্রিকেট ক্যারিয়ারটাই যাইবো ঐসবের কাজের জন্যে আজ জাতীয় দল প্লেনে আর তুমি রাস্তার বাইকে তুমি বাইকে উঠে হেলমেট না পড়লেও চলবে কিন্তু নিচেরটাই অবশ্যই হেলমেট পড়বে,1
বাংলার মাগির বাচ্চা মাগি,1
বাংলার সানি লিওন,1
বাংলার সানি লিওন হিসাবে খুজে পেয়েছে,1
বাইঞ্চুদ তরে দেখলে মন চায় মুতের ট্যাঙ্কিতে হালাইয়া আধাঘন্টা সাঁতার জানি না বইলা বাইচ্চা গেলি ইচ্ছা ছিল তরে গালিতে গালিতে সুদে দেব কিন্তু ভাবসি ভালো হইয়া যামু তাই তুই বাইচা গেলি খানকির সেলে ম্রে পত্তিসুদ,1
বালি নাই তো কি হইছে তলাতে তো বাল আছে দাদা মদ খা,1
বাসায় আটা ময়দা সুজি এতো কম ছিলো যে মুখে এতো কম লাগাইছেন,1
বাহ অমাইক ফিগার,1
বাহ্ এ লুকিংটা দারুণ,1
বিউটি ফুল,2
বিউটি ফুল আপু,1
বিজ্ঞাপন দিলেন,2
বিদয়,1
বিবাহিত স্বামী বিদেশ স্বামী নেই অথবা স্বামীর কাছ থেকে পরিপূর্ণ শারীরিক চাহিদা মেটাতে পারছেন না এই রকম যে কোন বয়সের মহিলা আন্টি ভাবি আপু গোপনে শারীরিক চাহিদা মেটাতে চাইলে আমার সাথে মেটাতে পার আমি তোমাকে কথা দিচ্ছি এই গোপন বিষয়টা তুমি আর আমি ছাড়া আর কেউ জানবে না আমাকে বিশ্বাস করতে পার করতে চাইলে আমাকে,1
বিরোধিতার প্রশ্নে আর বিরোধিতা নয় দেশকে যদি ভালোবেসে থাকি তাহলে উন্নয়ন আর অগ্রগতি হতে হবে মূল বিবেচ্য বিষয়,2
বিশ্বসেরা অলরাউন্ডারের পেইজ থেকে সর্বকালের সেরা,2
বুড়ী গাই এর মত কিন্তুু তারিকের পিকটা সেই রকম ছিলো,1
বেবি,1
বেবি ডল আসিতেছে,2
বেশি কিছু বলবো না আগামী মিনিটের মধ্যে পপুলার মেডিক্যালে এসে একবার পরিদর্শন এ আসুন এমনিতেই অনেক সম্মান আছে আপনার এ রকম বেকুবের মতো পোস্ট দিয়ে জনগণরে ক্ষেপাইন না বাংলাদেশের পাবলিক যদি উন্নত দেশের মতো হতো আপনাদের কয়েকটা মন্ত্রীকে এতদিন রাস্তায় নামিয়ে পিটাতো ভাগ্য ভালো তেমন কিছু করে নি এখনো সময় আছে আর সামনে নির্বাচনও আছে আর কলেজ স্টুডেন্টরা বয়স ভোট ব্যাংক বাচান,2
বৈঠাওয়ালা,2
বোনের এক ভাই,1
ব্যপক,2
ভাই,2
ভাই আপনাকে অনেক ভালো লাগে জানি না আপনি কেমন তবে আমার কাছে মনে হয় আপনি অনেক ভালো এতে গালাগালির মাঝে চুপচাপ থাকেন যে কেউ থাকতে পারবে না আমি আপনাকে ফলো করি বছর যাবৎ কোনো দিন কমেন্ট করি নাই আজ কমেন্ট না করে থাকতে পারি নাই আপনার কাজ আপনি করে যান কি বলল এই গুলায় কান দিয়েন না ব্যাবহার বংশের পরিচয়,1
ভাই আপনার জানের অবস্থা,2
ভাই আপনারা কি শুরু করলেন অরে একটু ভদ্র ভাষায় কথা বলেন যেমন আরিফ একটা নটির পুলা আরিফফার পাছার বম্বে মরিচ ঢুকাইয়া সেফাত দাদার মদের বুতল জুলাই রাখনের দরকার খানকি একটা শালা মাগি,1
ভাই ঠিক আসে রমজান মোবারক দোহাই লাগে এই মাস এ এমন ছবি পোস্ট করিএন না যেইটা দেখে আমাদের রোজা অ ভেশতে যায়,1
ভাই তোদের ডাক্তার,2
ভাই ধাক্কা দিয়েন না তো লাইনে দাড়ান বিনোদন পাবেন স্টক আনলিমিটেড,1
ভাই বোটে সিংগেল যাওয়ার সুযোগ থাকলে ভাড়া,2
ভাই শোনেন এই দেশে মতিয়া চৌধুরীর মত একজন সৎ কর্মঠ ও নির্ভীক মানুষ পাওয়া যায় না কৃষিতে ওনার অবদান দেখেন আপনাদের বয়স কম তাই বুঝতে পারেন না উনি মুক্তিযোদ্ধা দেশের জন্য অনেক অবদান আমি রাজাকার লেখা টি শার্ট গায়ে দেয়া কোন যুক্তিতেই গ্রহণযোগ্য নয়,2
ভাই শোনেন এই দেশে মতিয়া চৌধুরীর মত একজন সৎ কর্মঠ ও নির্ভীক মানুষ পাওয়া যায় না কৃষিতে ওনার অবদান দেখেন আপনাদের বয়স কম তাই বুঝতে পারেন না উনি মুক্তিযোদ্ধা দেশের জন্য অনেক অবদান আমি রাজাকার লেখা টি শার্ট গায়ে দেয়া কোন যুক্তিতেই গ্রহণযোগ্য নয়,2
ভাই সবগুলো পর্ব পড়তে চাই,2
ভাইরাল হছ্ছে না,0
ভাইরে তরে ধন্যবাদ অনেক দিন পরে তরে দেইখা একটু হাসতে পারলাম,1
ভাইয়া,2
ভাইয়া আসসালামু আলাইকুম চিটাগং থেকে বলছি আমি আইটি নিয়ে বিজনেস করি প্রযুক্তি আমার রক্তের সাথে মিশে গেছে আর এই প্রযুক্তি কে আরও ছড়াতে আমি আউটলেট দিয়েছি সব চাইতে ব্যস্ততম জাইগায় যে খানে প্রযুক্তি কে সবাইর সামনে উপ্সথাপন করতে পারবো আপনি অনেক মুল্যবান একজন ব্যক্তি আমাদের বাংলাদেশ এর জন্য আপনি আমাদের গৌরব আমি আপনার একজন ভক্ত বলতে পারেন নিরবে আপনাকে ভালোবাসি আর আপনার নিতি নৈতিকতা কে অনুসরন করার চেস্টা করি খুবই ইচ্ছা আপনাকে সামনে দেখার জানি এই ইচ্ছা পূরন হবে না অনেক সাধনা আর অনেকের মাধ্যমে যেতে হবে আপনার সান্নিধ্য কিন্তু একটা শেষ ইচ্ছা হলো জানি না পূরন হবে কি আমার এই ছোট প্রুযুক্তির ঘর টা যদি আপনার পবিত্র হাত দিয়ে উদ্ভোধন করতে পারতাম আমি এই খুদে মানুষটার জীবন টার জীবনের পাওয়া হয়ে যেত আপনার উপস্থিতি আমাকে অনুপ্রাণিত করবে জননেত্রি শেখ হাসিনার ডিজিটাল বাংলাদেশ গড়ার প্রত্যয় আমাদের চেস্টা চলছে চলতে থাকবে ইনশাআল্লাহ,2
ভাউ এইডা কি সেই সেই হট,1
ভাল,2
ভাল কাপড় কিনলে কি হয় নাকি টাকা,1
ভালা হইত,1
ভালোবাসা জানবেন স্যার একজন মুক্তিযোদ্ধার সন্তান হিসেবে সবচে বেশী কষ্ট পেয়েছি জীবনে এই অমানুষদের রাজাকার শব্দটি বুকে পিঠে ব্যানারে ধারন করতে দেখে পরিচয়ের দেউলিয়াত্ব ঠিক কোথায় গিয়ে ঠেকেছে আর বাঙ্গালিয়ানার গৌরব কোথায় পৌঁছেছে ভাবলেও কষ্ট হয় আন্দোলনের মধ্য দিয়ে মুক্তিযুদ্ধ মুক্তিযোদ্ধা এবং তাদের পরিবারদের অপমান করার একটা সুযোগ তৈরি করে দেয়া হয়েছে তৈরি করে দেয়া হয়েছে গর্বভরে নিজেকে রাজাকার ডাকার এরা এমনি এমনি এই কাজটি করেনি মনের মধ্যে থাকা অনেকদিনের উদগ্র বাসনা উগড়ে দিয়েছে আমি বিশ্বাস করিনা এসব পরিকল্পনা ছাড়াই হয়েছে মুক্তিযোদ্ধার সন্তানরা আর গর্ব করে কথাটা বলতে পারেনা তাদের লজ্জায় পরিচয় লুকোতে হয় এটাই কোটা আন্দোলনের একমাত্র হয়ত,2
ভালোবাসা জানবেন স্যার একজন মুক্তিযোদ্ধার সন্তান হিসেবে সবচে বেশী কষ্ট পেয়েছি জীবনে এই অমানুষদের রাজাকার শব্দটি বুকে পিঠে ব্যানারে ধারন করতে দেখে পরিচয়ের দেউলিয়াত্ব ঠিক কোথায় গিয়ে ঠেকেছে আর বাঙ্গালিয়ানার গৌরব কোথায় পৌঁছেছে ভাবলেও কষ্ট হয় আন্দোলনের মধ্য দিয়ে মুক্তিযুদ্ধ মুক্তিযোদ্ধা এবং তাদের পরিবারদের অপমান করার একটা সুযোগ তৈরি করে দেয়া হয়েছে তৈরি করে দেয়া হয়েছে গর্বভরে নিজেকে রাজাকার ডাকার এরা এমনি এমনি এই কাজটি করেনি মনের মধ্যে থাকা অনেকদিনের উদগ্র বাসনা উগড়ে দিয়েছে আমি বিশ্বাস করিনা এসব পরিকল্পনা ছাড়াই হয়েছে মুক্তিযোদ্ধার সন্তানরা আর গর্ব করে কথাটা বলতে পারেনা তাদের লজ্জায় পরিচয় লুকোতে হয় এটাই কোটা আন্দোলনের একমাত্র হয়ত,2
ভালোবাসা দিলে,1
ভালোবাসার ফুল তুমি,2
মজা,1
মঠেলিং বাদ দিয়া এদের নিয়া ব্যাবসা ধরলি কবে,1
মদ খা,1
মদ খা খানকির পোলা মদ না খাইলে তুই শব্দ বোমা নিক্ষেপ করতে পারবিনা মদ খা তরজন্য মদ সৃষ্ঠি তুই খাবি তর বাপ খাবি,1
মদ খা শালির ঘরের শালি মদ খা মদ না খেলে তোদের মাথা ঠিক থাকেনা,1
মদ খা হলার পো মদ না খাইলে তুই মানুষ হইবিনা,1
মদ খাইছোর নাকি,1
মধ্য রাতের খাবার,1
মন গুলা পড় পড়েই তোমার মন ভাল হওয়ার,1
মন নিলা যে,2
মন নিলা যে,2
মন মেজাজ খুব খারাপ স্যার কলরেট বাড়ানোর কারন তো গাছে ধরে না তাই যা ইচ্ছা তাইই করছেন মিনিটরেট নেটরেট সবই বাংলাদেশে কি দাম না,2
মন সুফিয়ানা,2
মনটা খারাপ কমেন্ট পড়তে আসলাম,1
মনির হোসাইন,2
মনির হোসেন রাজু,2
মনে আছে যেইদিন রুপসা ব্রিজ ওপেন হয়,2
মন্তব্য নিজের খেয়ে বনের মোষ তাড়ানোর কি দরকার আপনার এতো জিওগ্রাফি চ্যানেল আমি একটু বেশি দেখি,2
মফিজ,1
মরি যা বে হালার হালা অত মানুষ মরে তোর মরণ নাই ফুরিন দেখলেই ল্যাটাল্যাটি করা,1
মহিন বাপ্পি খুরশিদ অনিম রুবেল নির্ঝর আহমেদ মোহাম্মদ ফারুক দেখেন চুদানিপুতের অবস্থা,1
মাংগের স্টাইল হালার,1
মাগি তোর বোদায় বাশ দিবে আশতেছে তুই মিথ্যা গুজব ছড়াইছত আসতেছে পুলিশ,1
মাগি শেষ মেস খুলে ফেললো,1
মাগির ছেলে তুই কবে মানুষ হবি,1
মাগির পোলা সারারাত মদ খেয়ে লেসবূ পিক আপ্লোড করতে আসছে সবাই মাদারীকে দুচে দিন,1
মাগিরপোলারে দেখে হাসতে হাসতে বিচি ফুসফুস এ উঠে আটকায়া,1
মাগীর পোলা তোরে ট্রাস ট্রাস করে সুদে,1
মাথার সামনে হাগু করেচে কে,1
মাদারচুত আর সময় পাইলি না পোস্ট দেওয়ার লেবু তর নুনুর চিদ্র দিয়া ডুকা,1
মাদারচোদ,1
মাদারচোদ তোর বাপ যেই লাল কনডম পইড়া লাগাইসিল ওই কনডম টাই বড় হইয়া তুই হইসস,1
মাদারজাদ মুছ গুলাতে যদি অক্টেন মাইরা আগুন লাগাই দিতে,1
মাদারদোচা তোরে আইজকা গাইল্লামু না কজ টুডে জুমাবার টাইম এসব হোগামারা ফডু দিয়া মাইনষের হাগু বারাইস না কইলাম আবালচোদা,1
মাননীয় অসাধারণ জনগন,2
মান্দার পো মান্দা এম ই এস এর সামনে তিন চারটা চোক্কা বিশাল স্টিলের টাওয়ার পুলাপাইন খেপলে কিন্তু দুই পায়ে দুই টনের দুইডা বস্তা বাইন্দা পুটকির রঙন রিদ্দ থুক্কু ছিদ্র বরাবর টাওয়ারে ফিট কইরা বসায়া দিবো তাইলে ক্যাত কইরা হান্দায়া যাইবো বান্দির দ্যা ওয়ে তাবিজ্জা মাদার্চুদে কি বিড়ি খাইয়া বিড়ির সোকা তর গোয়ায় না ফালায়া কি তর মাথায় আহারে চুল গুলা পুইড়া গেছে,1
মামা তুই ইন্ডিয়া চলে তারা লেসবুদের এলাউ এখানে আর ডলাডলি চুদানোর পিক আপ্লোড করিসন মাইয়া মাইয়ার ডলাডলি দেখতে ভালো,1
মামা হাল্কা পড়িস কইলাম,1
মামা হুমায়ুন কবীর,2
মাল,1
মাল তো আউট,1
মালটু কেপালেক জেন,1
মাশা লাগছে আমাদের জন্য একটু দোয়া করবেন হয়ত হাজার কমেন্টের মাঝে এই কমেন্ট আপনার কাছে না ও পৌঁছাতে পারে তারপরও বলছি দোয়া চাই,2
মিয়া আপা,1
মিয়া খলিফার কপি,1
মিয়া খলিফার মতো লাগছে,1
মেঘ কাব্য আরিফ,1
মেডিকেল সার্টিফিকেট দেখাতে পারলে কাজ হবে,2
মেসি গোল করার পর যেই আনন্দটা লাগে তার থেকে বেশি আনন্দ লেগেছে কাতারের বিরুদ্ধে জামাল ভুইয়ার মিনিটে করা লিগ বা দেশ নিয়ে কতো দেন আজকের এই আনন্দের রাতে বাংলাদেশের ফুটবলার দের নিয়ে এ ভরিয়ে,2
মেয়েরা তোমরা গাড়ির টিউব আমরা গাড়ির টায়ার,1
যতদিন উন্নয়নের নেত্রী দেশরত্ন শেখ হাসিনা হাতে থাকবে দেশ পথ হারাবেনা বাংলাদেশ বাংলা জয় বঙ্গবন্ধু,2
যতদিন রবে পদ্মা মেঘনা গৌরী যমুনা বহমান ততদিন রবে কীর্তি তোমার হে জাতির পিতা বঙ্গবন্ধু শেখ মুজিবুর রহমান,2
যদি এটা দি তাহলে কি দিবা,1
যদি মিথ্যে কথা বলে প্রেসনোট দেয় তবে সে সরকারের উপর মানুষের বিশ্বাস থাকতে পারে না শেখ মুজিবুর রহমান রোজনামচা,2
যাই করছে পরিশ্রম করে তো চুরি করে তো আর খাচ্ছে না রেস্পেক্ট,2
যাহা লাগছে না,1
যে আপনাকে কষ্ট দিয়েছে থাকে শুধু গালি দেন অন্য কাউকে না ঠিক আছে,1
যে দেশে বঙ্গবন্ধুর মত আদর্শবান ও গুনি ব্যক্তিদের নির্মমভাবে স্বার্থের কারণে হত্যা করা হয় সেদেশে জাতী কি আশা করতে,2
যেকোনো বয়সের করে ভোদার জ্বালা মিটাতে চাইলে আমাকে এড দাও অথবা নক,1
রাতে নেংট্যা দিনে শয়তানের খাড়া ঝিলকি,1
রাতের,2
রাফি রাফি,2
রুচিবোধের তারিফ করতে হয়,2
রুমে শুয়ে স্ক্রল করতেছিলাম হটাৎ শাউয়াডার খোমা দেইখা কইয়া এমন জোড়ে চিল্লান দিয়া উঠছি পাশের ফ্ল্যাটের মানুষ চলে আসছে আর সাথে সাথে আবিষ্কার করলাম রাগের সোদনে কুতনের চোটে পাছা দিয়া গু বাইর হইয়া গেছে শাউয়াডা বাল আমার,1
রেডি,2
রেপ,1
লম্বা খোলা চুলে তুমাকে খুব সেক্সি,1
লাইটিং মারাত্নক এসেছে,2
লাগছে,2
লাদেন কাকা আপনারে অনেক মিস করতাছি কত্ত জায়গায় বোম ফালাইছেন মানষের গালাগালি শুনছেন মরার আগে একটা সুযোগ ছিলো সমস্ত বাঙালীদের কাছ থেকে বাহবা শুনার যদি আরিপ্পার গোয়ায় একটা বোমা মারতে পারতেন আফসুস,1
লাভ,2
লাভ,2
লে পাটাকা,1
লেসবিয়ান গ্রুপ,1
লোকমান হোসেন,2
শাওন,2
শাওয়া মারানির মুখ দেখলেই গা জ্বলে যায় ইচ্ছে করে তোর গোয়ার ভিতরে কুত্তার হোল ঢুকাইয়া তোরে মাটির সাথে ছেচরাই খাংকি একটা,1
শাকিব তোরে কেমন করে চুদে,1
শালা তোকে হাল্কা চুদে ফর্মে এনেরাস্তায় ফেলে চোদা চোদা চোদা চোদা চোদা চোদা চোদা চোদা চোদা চোদা চোদা চোদা চোদা চোদা চোদা বেগুন চোদা চোদা চোদা চোদা চোদা চোদা চোদা চোদা চোদা চোদা চোদা চোদা চোদা চোদা চোদাআরিপ্পা মাদারচোদ তোর গুয়া তাবিজ্জারে দিয়া ব্লাস্ট করুম,1
শালার হুগার মাঝে ঠাস ঠাস করে পাঁচটা পচা ডিম ঢুকিয়ে দিতে পারলে নিজেকে সার্থক বলে মনে করতাম,1
শুধু মোটিভেশনাল স্পিচ দিলেই হয় না মোটিভেশনাল টাস্ক করে দেখাতে আপনি তো আবার দুমুখো একবার তে থাকেন তো একবার এ ঘুরে এমন মানুষেের সমাজে বেচে থেকে সমাজের মানুষকে দিকনির্দেশনা দেওয়ার কতটুকু যোগ্যতা কি তাকে অনুসরন করা তরুন প্রজন্মের জন্য মঙ্গলজনক বলে আপনি মনে বাধিত,2
শুধু মোটিভেশনাল স্পিচ দিলেই হয় না মোটিভেশনাল টাস্ক করে দেখাতে আপনি তো আবার দুমুখো একবার তে থাকেন তো একবার এ ঘুরে এমন মানুষেের সমাজে বেচে থেকে সমাজের মানুষকে দিকনির্দেশনা দেওয়ার কতটুকু যোগ্যতা কি তাকে অনুসরন করা তরুন প্রজন্মের জন্য মঙ্গলজনক বলে আপনি মনে বাধিত,2
শুনো তুমি বুয়া আমি জোয়ান,1
শুয়োরের কুত্তার হারামির খান্কি মাগির চুদির চুদির তর মায়রে তর মায়রে শালার পো হুমুন্দির মাঙ্গির নাটকির ল্যাউড়ার মাউড়া গুয়ার ভিতরে হোগার ভিতরে ভইড়া ঠ্যাঁঙ কাইট্টা পুটকি দা ভইরা হালা ল্যাওড়া তর পুটকিত ধান ছড়াইয়া চড়ুই দিয়া বালি দিয়া চুদমু তরে খাঙ্কি রয়েল বেঙ্গল তোর হউরিরে ছি ছি আল তোর জাঙ্গীয়া খুইল্যা আগুন লাগায় বাল ফালায়া খালে বাল ফালায়া আটিঁ বালে বালে গোলাম মইত্যা বাপের আগে বাল ভোদার বাল ধোনের টেংরি ভাইংগা হাতে ধরায়া নটি নটি মাগির নটি মাগির গুদের বেশ্যা বাল ফালাইয়া আটি ভৈরব পুকটি মারা গাড় মারা ভইরা মাঙ্গের উপ্তা কইরা মাঙ্গের চুদনা ভাতার গরম ডিম উপ্তা কইরা চুদা গোস্তের লাঠি ধোন কাইট্টা কুত্তা দিয়া চুতমারানীর তর মায়েরে চিচিং কান্দে ফালাইয়া তর মায়েরে পুটকিতে বাশ চামড়া ছুইল্লা লবণ লাথ্থি উষ্টা ইউনুস,1
শেফুদা বলছে মানুষ হতে হলে মদ খাওয়া লাগে আর তুমি এখনো মেয়ে নিয়ে,1
শেয়ার করে দেখে নাও ম্যাজিক,2
সকাল সকাল লেসবো দেখতে ভাল ঠেকেনা রে গোলামের পুত,1
সঠিক বলেছেন ভাইয়া সহায়তা না দিয়ে হুট করে বন্ধ করে দেয়াটা উচিত হবেনা,2
সত্যিই আমারও এই জায়গাটা অসাধারণ,2
সব কিন্তু পেছনের তালগাছ বড়টা,2
সব খুলে একবার,1
সব ছেলেরা জদি কুত্তার বাচ্চা হয় তোর মা বাবা ও তো কুত্তার বাচ্চা কারন তুই তো খানকি তোর কোন সরম লজ্জা আছি নাকি কতজন লেছের সাথে চুদা খাছ তার কোন হিসাব নাই তোদের মত মেয়েদের জন্মের ঠিক নাই তাই তাই সব ছেলেদের গালিদেছ এখনও সময় আছে ভাল হয়ে যা আর কোন দিন গালি দিবি না সব ছেলেরদেন কারন সবাই একনা একটা কথা বলি তোকে যে বিয়ে করবে তার জীবন সেষ কারন তুই কত ছেলের সাথে রাত কাটাছ তার কোন হিসাব নাই তোর তো জাহাননামেও জায়গা হবেনা,1
সব মিলা দিলনাশি এক তু হি মনে পড়লো,1
সব মেয়েরা চিটারের বচচা,1
সরি বন্ডু গালির স্টক একটা না দিলে তোর তো হোগার জ্বালা কমবো না,1
সাইকেল চালাচ্ছিলাম পোস্ট টা পড়ে গেলাম উদ্ধার কর্মীরা উদ্ধার করতে গিয়ে পোস্ট তারাও হাসতে হাসতে,1
সাকিব ভাইয়া এশিয়া কাপে তোমাদের স্বাগতম,2
সাকিব ভাইয়া মিড নাইট পোস্ট যাক ভালোই লাগলো আপনি এশিয়া কাপ খেলার জন্য রাজি হওয়ায় অনেক খুশি হয়েছি এবারের কাপটা চাই ভাইয়া আপনার হাতে উঠুক সেরা অলরাউন্ডার আমাদের আছে তাই ভয় পাচ্ছি না,2
সাকিব সত্যিই নিজের জন্যই খেলে দেশের জন্য তাই এশিয়া কাপের আগে ইঞ্জুরি থাকলেও অপারেশন হুম সত্যিই সাকিব নিজের স্বার্থ,2
সাধারণ,2
সানি আন্টি টু,1
সারা দেশ যখন স্থবিরতায় সয়লাব তখন তুই দেস পোস্ট তুই মেইবি জানছ না তোর আরেকটা বন্ধু এখন আর তোরে গাইল্লাইতে চায়না এখন গাইল্লাইবো তোর বন্ধু আয়মান রে কম দেইখা যদি বিভাবরী হয়ে যাও কবু বিচরণ করিয়ো হিজলা হওয়ার টি উপায় নিয়া আসা তোমার বন্ধু আয়মান এর মিনিট,1
সালা কি সুন্দর দেখতে ভীষণ হিংসে হয়,1
সালার মাত্র ভাতের প্লেট টা সামনে নিলাম অমনি তোর মাথার উপরে গু মাখা বাল দেইখা দুপুরে খাওয়ার পোংগামারা গেছে হালা বারা পুটকি আরিপ্পা হেডারপু তরে মাডিত ফালাইয়া পারামু,1
সালি মনে করতাম তুই সানি লিওন কিন্তু এখন তো দেখি মিয়া খালিফা হইয়া গেলি,1
সালীনতা নিয়ে স্টাইল করুন,1
সুখন ভাই দশজনের দশটা মন্দ কথা উপেক্ষা করে দেশের জন্য কথা বলার মানুষের এই সমাজে বড় অভাব থামবেন না ব্রাদার এভাবেই আলো ছড়িয়ে যেতে থাকুন একদিন এদেশের সুদিন আসবেই ইনশাআল্লাহ,2
সুন্দরি মেম হ্যালো,2
সুসজ্জিতা সুন্দরী,1
সে ফু দা তোর পোদ মারার জন্য নাকি ভিয়েনা থেকে আসতিছে শুনলাম,1
সেই কি কুওার বাচ্চা,1
সেক্সি,2
সেক্সি পিক আপলোড করো,1
সেক্সি পোশাকে দেখতে চাই,1
সেক্সের জালায় অস্থির যদি কোন স্মার্ট ও সেক্সি আপু ভাবি আন্টিরা সেক্স চ্যাট বা ফোন সেক্স করে গুদের জালা মিটাতে চাও তাহলে এ্যাড দাও পাঠান আমার এ,1
সেটাই আবালচোদা,1
সেফুদা কি এই বাল্ডারে,1
সো সেক্সি,2
সোহাইব চৌধুরী,2
স্বপ্ন হীন ছেলে জাছেম,2
স্যার আপনার লেখা পড়েই দিনশেষে একটু স্বস্তি পাই আমিও এসএসসি পরীক্ষা দিয়েছি এবার আপনার সাথে বইমেলায় কথা বলেছি এসব মানুষের কমেন্ট পড়ে লজ্জা হচ্ছে আমরা আসলে জাতি হিসেবে ভীষণ অকৃতজ্ঞ,2
স্যার আপনার লেখা পড়েই দিনশেষে একটু স্বস্তি পাই আমিও এসএসসি পরীক্ষা দিয়েছি এবার আপনার সাথে বইমেলায় কথা বলেছি এসব মানুষের কমেন্ট পড়ে লজ্জা হচ্ছে আমরা আসলে জাতি হিসেবে ভীষণ অকৃতজ্ঞ,2
স্যার আপনি একজন আইডিয়া অ্যান্ড আইডিয়া ইজ বুলেটপ্রুফ আপনাকে কেউ কখনো কেড়ে নেবার ক্ষমতা রাখে না,2
স্যার আপনি একজন আইডিয়া অ্যান্ড আইডিয়া ইজ বুলেটপ্রুফ আপনাকে কেউ কখনো কেড়ে নেবার ক্ষমতা রাখে না,2
সয়ং ম্যাজিক,2
সয়তান অসভ্য ফাজিল নোংরা অভদ্র বেয়াদব বেঈমান মুনাফেক ম্যাড মুফিজ ও মুফিকার আতেল লজ্জাহীন থাপ্পড় খাবি কাল্লু নিগ্রো ভেরুশ মোটা মটকী ফাক বিচ সান অফ বিচ নন সেন্স বাস্টার্ড বলদ গাভি চাংগা মাংগী কিপটা ফকির কালাসনা গণ্ডার পাগল লোভী কালা রাস্কেল স্টুপিড ননসেন্স ইডিয়ট দুষ্টু বুদাই মিছকা শয়তান বাটফাকার গনোরিয়া বেটি টেরা সাউয়া হাউয়া সাউয়ার পো হাউয়ার পোলা লাও শালা পুটকি চুদি মদন মদনকুমার মদখর গাঞ্জাখোর গাঞ্জাঢুকা পাছামোটা ভাগামোটা মোটা ভাগা ধনের আগা মোটা জারজ গারদ হাবলা কেবলা হাব্ব্র হাব্বর বদ ভুস্কি মাগির পোলা ঘরোয়া বেশ্যা সেলফি বেশ্যা লম্পট পাগলু পাগলার বাচ্চা হাউয়া পাগল পাগস পাগো টিকির ডিম মুরগীর বাচ্চা মুরগীর পুত অবৈধ বাচ্চা পেট ছে পর্ণ পাগল পর হালা কুত্তার দালাল মাগির দালাল শালার বাচ্চা ভেনডি মাগী ভেনডি মাগির পুত কালা জাইঙ্গা টেরা মাগী ফাকার ফাকির লুইচ্ছা গুয়া গুয়া চাটা গুয়া চাটা পোলা বুড়ি মাগি বান্দির পো পেটমোটা ভুঁড়িয়ালা কুত্তার বাচ্চা শুয়োর শুয়োরের বাচ্চা বারাভাদাইম্মা কইল্লাকচর খাঙ্কি খাঙ্কিমাগি হারামজাদা হারামি একবীচী বগা ঘোড়া বূড়ূজ লাটিম পাগল কাইটটা কাইটটা লাউয়া লাটু ভুত চুদা বেগুনচুদা পাকসেনা চুদা পাকসেনার চুদা খাইয়ে রসুন চুদা লাল কনডম আবাল হাওয়া হাওয়ার পো মগা নর্দমার মাগি চদা ড্রেনের পিচেট পচা কাথাল কষ চোদা কাঁঠাল চুদা হাঁদারাম পাগলাবাই ঘারা পাগলা ঘারতেরা মাগী পামুস হামুস মামুস কাউয়ার কইলজা লটি বুদা ভুতিনি চন্দ্রিমা ভুতিনি চোদনা চোদনখোর কাঁঠালচদা ভগচদা পাকা গুয়া গাড়াভুদাই রাম ভুদাই কালা কুত্তা খাইয়ে নেংটি কষাই রেন্দি সালা রেন্দি লম্বা গু চোদা লম্বা গু চদা মাগি মাগি জাতির পুৎ ধাপকা বাইনচদ বাড়া ভাদাইম্মা ধল ভাদাইম্মা তোর মায়রে বাল পাকি দালাল বাঘা বাইন চোদ বেঁকা বাইন চোঁদ বাইনপোদ লাটুঘাগু বালের বাচ্চা পোদমারান নেঙটা পাগল লুইচ্ছার বাপ কালাধন চ্যাঁটের বাল রেনডি সালা সালা পাকি রাজাকারের ধন রাজাকারের চুদা খাইয়ে তেল গুয়া মালগুয়া ভগচুদা ভগচদা নিগ্রোচদা পোদখোর জাওরা জাওরার পো লালবিচি তিন বিচি হাগা সুছে না রশমোছা ছাগলচদা রাম ভদাই বাইন চোদ লটি মাগি বাচ্চা বেশ্যা রাজ বেশ্যা নোংরা বেশ্যা নোংরা পিচাট গরিবের পো নটি মটর পো বেশ্যাখর বেশ্যার লাও বাহারি বাইনচদ খানকি মাগি পচা বুনি ভগা ভগুলদার ভাগ্নি চুদা ধলতা মান্দার পো হুগা গুয়ারপো বান্দি বান্দির পো পুটকির ভিত্রে গাঞ্জা চুদিরভাই বাইনচোৎ লাল বিচি শুকনা বিচি ফাদারচোদ বান্দির বাচ্চা পুকচুদ ভুদামারানি রেন্ডি হাওয়া চুদা রেন্ডিচুদা খানকিরপো মাদমারানির পো গুয়ার পো নর্তকির পোলা চ্যাটের বাল হরির পোলা হরির প ঘোরার বাল আদা চোদা কশাই চোদা মাতা চোদা মুরগী চোদা ভেরা চদা হাস চদা বেজী চোদা কাউয়ারপুটকা ভেরা চুদা চুদির বাল খানকির পোলা খাঙ্কি মাগি থাপাবনে ঠাপাবনে খাঙ্কি খাঙ্কিমাগি ভুদার মাগি পুটকি চোদা বামন চদা পো চুদনা কাটি মারানিরপোলা লেলি কুত্তা পুংগারবাচ্চা শালা চুদানির শালা চুদানিরমাদ মারানির মাদ্মারানি পুকচুদানি মায়রে চুদি তর বোনেরে চুদি,1
হট,2
হট,1
হট এন্ড সেক্সি,2
হট বেবি,1
হটি,2
হটের ডিব্বা,1
হাই,2
হাই প্রবাসী বন্ধুরা সুমি আমার ইমো নাম্বার ইমো সেক্স করি টাকা অডিও টাকা শুধু মাএ যারা কাজ করবেন তারাই কল দিবেন দায় এটা করি কেউ মজা করবেন কারণ না,1
হাইগে দিছে নাকি,1
হাগা কষা হয়ে গেল ডাক্তার বলল এই রোগের চিকিৎসা,1
হাতি,1
হাল্কা কমেন্ট পইরা যাইও,1
হাসিনার সোনা,1
হায়,2
হায় আলিপ্পা হোগার পিক ফেবুতে আপলোড করেন,1
হায়রে বাঙ্গালী একজন মানুষ পবিত্র হজ্ব করতে গেছে তারে নিয়েও আজে বাজে কথা বলে এরা ভাবেনা আল্লাহ যাকে কবুল করে সেই মাত্র মক্কা মদিনায় যেতে পারে সুবাহানআল্লাহ কাতারে থেকে উমরাহ করার জন্য সৌদি বডার পার হতে পারিনা সব সময় আল্লাহকে বলি আল্লাহ আমাকেও তোমার ঘর দেখার তৌফিক দান করো হজ্ব করার তৌফিক দান করো ইব্রাহিম কাবা নির্মান করলেন তার পর আল্লাহ আজান দিতে বলেন ইব্রাহিম আজান দেওয়ার পর সবার কানে ওই আজান পৌছে যায় যারা দুনিয়াতে ছিল তারা যে মায়ের পেটে ছিল সেও এমনকি যারা দুনিয়াতে আসেনি বা মায়ের পেটেও আসেনি তারাও ওই আজান শুনতে পেয়েছিল তখন ওই আজান শুনে যারা বলেছিল তারাই শুধু মাত্র হজ্ব করার জন্য মক্কা মদিনায় যেতে পারে আলহামদুলিল্লাহ আমাদের উচিত যে হজ্বে গেল তার জন্য দুয়া করা এবং নিজে যেন হজ্বে যেতে পারি সে জন্যেও দুয়া করা,2
হিজরা আবার পেশা কবে থেকে,2
হিজড়া একটা,1
হেডারপুত এইডা বালের ভাষন একটা মানুষও নাই তুর এই বালের ভাষন শুনার জন্য,1
হ্যাঁ ঢাকার এই অংশ টা নিচের অংশে খালি জ্যাম আর জ্যাম,2
